Date,Module,Duration(hours),Status/Sentiment,Summary
2025-10-01,Backend API,5.0,Normal,Completed the first draft of the user login module.
2025-10-01,Frontend UI,3.0,Normal,Designed the main page layout.
2025-10-02,Backend API,4.5,Normal,Optimized database query performance.
2025-10-02,Testing/QA,2.0,Normal,Executed the first round of unit tests.
2025-10-03,Backend API,6.0,Normal,Added data validation logic.
2025-10-03,Testing/QA,3.0,Warning,Found a serious bug, needs immediate fix!
2025-10-06,Frontend UI,5.0,Normal,Implemented the data display table component.
2025-10-06,Documentation,2.0,Normal,Wrote API documentation.
2025-10-07,Backend API,8.0,Critical,Project progress hit a tricky blocker issue.
2025-10-07,Frontend UI,4.0,Normal,Fixed minor errors on the interface.
2025-10-08,Backend API,7.0,Critical,Handled the blocker, but encountered a new risk.
2025-10-08,Testing/QA,4.5,Normal,Completed writing new test cases.
2025-10-09,Documentation,1.0,Normal,Updated the installation guide.
2025-10-09,Frontend UI,6.0,Normal,Optimized user experience.
2025-10-10,Backend API,5.5,Warning,Code deployment experienced a slight delay.
2025-10-10,Testing/QA,3.5,Normal,Regression tests passed.
2025-10-13,Frontend UI,4.5,Normal,Integrated with the backend API.
2025-10-13,Backend API,6.5,Critical,Server configuration resulted in a major error.
2025-10-14,Documentation,3.0,Normal,Recorded a demo video.
2025-10-14,Frontend UI,5.0,Normal,Final adjustments and polish.
2025-10-15,Testing/QA,4.0,Critical,Discovered one final major problem, needs quick resolution.
2025-10-15,Backend API,3.0,Normal,Key bug fixed.
2025-10-16,Frontend UI,2.5,Normal,Minor layout fixes.
2025-10-16,Testing/QA,1.5,Normal,Final comprehensive testing.
2025-10-17,Documentation,1.5,Normal,Organized final documents.
2025-10-17,Backend API,2.0,Normal,Deployment preparation.
2025-10-20,Frontend UI,1.0,Normal,Submitted final version.
2025-10-20,Testing/QA,1.0,Normal,Acceptance testing.
2025-10-21,Backend API,1.0,Normal,Post-launch monitoring setup.
2025-10-21,Frontend UI,0.5,Normal,Project completion.
2025-10-22,Backend API,2.5,Normal,Started next phase planning.
2025-10-22,Documentation,1.5,Normal,Created a post-mortem report draft.
2025-10-23,Frontend UI,3.5,Warning,Found a crash bug in production environment!
2025-10-23,Testing/QA,2.5,Normal,Prepared hotfix test plan.
2025-10-24,Backend API,5.0,Critical,Emergency fix for the crash failure.
2025-10-24,Frontend UI,4.0,Normal,Deployed hotfix.
2025-10-27,Testing/QA,1.0,Normal,Verified hotfix deployment success.
2025-10-27,Backend API,3.0,Normal,Reviewed deployment process and learned lessons.
2025-10-28,Frontend UI,2.0,Normal,Began work on new feature 'Notifications'.
2025-10-28,Documentation,1.0,Normal,Started new feature documentation outline.
2025-10-29,Backend API,4.0,Normal,Designed Notification service API endpoints.
2025-10-29,Testing/QA,0.5,Normal,Initial smoke tests on development branch.
2025-10-30,Frontend UI,5.0,Normal,Implemented basic Notification UI component.
2025-10-30,Backend API,3.5,Warning,Encountered a difficulty with external integration library.
2025-10-31,Frontend UI,3.0,Normal,Testing Notification rendering.
2025-10-31,Documentation,2.0,Normal,Updated README with new setup instructions.
2025-11-01,Backend API,4.0,Normal,Resolved external library issue.
2025-11-01,Testing/QA,1.5,Normal,Closed out all recent test cases.
